cluster,ExpectedLoss_full_pred,ExpectedLoss_noOrder_pred
0,0.2964405293449273,0.5528387266279857
1,0.1113052930110298,0.18309113812516878
2,0.45498276795398696,0.5659138204004455
