ExpectedLoss_full_pred,ExpectedLoss_noOrder_pred
0.2916666526739114,0.5616004115196355
0.11063612661304552,0.17483983294186697
0.4426461831588347,0.5185536899681097
